허지연,서울특별시 노원구 강남대16로 (주원이동),93046,(주) 이,선박 정비원,051-596-6241,ybag@example.org,sanghojang,172.30.202.134,157.93.179.61,비전 있는 다중 상태 예보,IndianRed
김미숙,강원도 태백시 석촌호수2거리 (상호김송마을),53287,유한회사 홍박이,청원 경찰,011-739-7541,nbag@example.com,fyun,172.30.195.56,200.44.7.46,다용도 최대화 코어,LightSkyBlue
장영수,광주광역시 서대문구 삼성거리,21806,양양,기타 건설관련 기능 종사원,063-388-8866,zjeon@example.org,gimyeongho,172.22.71.233,93.14.7.203,특별한 보조 고객 만족,DarkTurquoise
이지훈,충청남도 청주시 흥덕구 오금거리,67856,유한회사 김김이,정육원 및 도축원,02-3396-3359,iseunghyeon@example.net,gimsugja,10.157.180.5,33.186.129.137,최적화된 주파수 탐지 가능 지식 기반,LightGoldenRodYellow
송서영,충청남도 청주시 청원구 강남대가,96219,김남윤,판금원,064-709-5996,jeongsubag@example.net,gimyeongsug,172.22.195.95,203.37.89.173,비전 있는 밀착 배열,DimGray
조아름,울산광역시 성동구 도산대6길 (정호김동),03145,권박조,섬유공학 기술자 및 연구원,061-738-9273,minjunjang@example.net,yeeunbag,172.17.228.130,99.239.55.36,객체 기반의 모듈형 예산 관리,Aqua
강미영,인천광역시 중랑구 반포대44거리,03393,(유) 김홍박,회계 사무원,054-871-9408,ycoe@example.org,minseo92,172.31.164.48,161.199.200.179,설정 가능한 결정 도전,Lime
오정웅,충청북도 청양군 서초대가 (상훈김김동),89078,유한회사 김김김,용접기 조작원,062-475-3398,imminjun@example.net,yangmyeongsug,192.168.57.160,158.127.145.6,인체 공학적인 멀티미디어 정의,MediumBlue
박상철,광주광역시 노원구 오금길 (수빈박박읍),28346,이최김,여행상품 개발자,055-847-7641,sunogbag@example.net,misughan,172.22.35.196,155.225.39.121,자가 이용 가능한 멀티 태스킹 설치과정,PeachPuff
송지훈,서울특별시 광진구 개포로,61135,(주) 안,시각 디자이너,062-839-1633,ui@example.net,bagyeongho,192.168.27.190,40.136.60.42,유저 친화적 그리드 가능 배열,DarkSlateBlue
고서현,서울특별시 용산구 반포대55가,05012,유한회사 송,조세행정 사무원,019-331-4759,ggweon@example.org,hyeonjigim,172.28.110.135,181.253.225.238,총 최대화 보안구역,Teal
이하은,전라남도 동해시 양재천로,96108,(유) 윤김박,경기심판 및 경기기록원,016-468-6639,mijeong42@example.org,jgim,10.216.155.18,129.41.89.4,조직화된 최적화된 모니터링,Fuchsia
김혜진,광주광역시 남구 개포00가 (영자황읍),99442,주식회사 권,미장공,017-912-9413,hongsiu@example.org,hyeonjii,192.168.133.190,45.8.12.66,더 작아진 물류 마이그레이션,GreenYellow
송영숙,부산광역시 용산구 양재천60거리,68564,황한한,제품 및 광고 영업원,052-359-2992,sangho98@example.net,hyeonjugim,10.248.128.109,51.191.22.239,유기농 취약점 시너지,SpringGreen
서진우,대전광역시 강북구 삼성로 (서현배이면),53818,주식회사 황,스포츠 및 레크레이션 강사,018-939-1098,iboram@example.com,doyunjin,10.180.102.230,79.60.177.160,완벽히 설정된 최적화된 지원,Blue
박광수,충청북도 청주시 흥덕구 백제고분15가 (아름하읍),13303,이윤,정육원 및 도축원,031-965-9919,songhayun@example.org,tgim,10.171.56.169,178.75.35.193,사용자 중심의 고도 기반 설치과정,Thistle
이서연,경기도 성남시 압구정7가,53890,송김김,섀시 조립 및 설치원,061-849-6346,jeongsun82@example.org,jangseongmin,172.22.147.107,37.105.86.24,자가 이용 가능한 그리드 가능 프로토콜,Purple
박준호,경상북도 금산군 언주길,67933,(주) 송,산업안전 및 위험 관리원,070-8295-5233,yejibag@example.com,seongho48,192.168.70.249,132.244.181.36,자동화된 컨텐츠 기반 프로젝트,SpringGreen
최순자,전라남도 강릉시 선릉6로 (병철윤동),95728,주식회사 문황이,기타 건축마감관련 기능 종사원,042-258-8591,tbag@example.org,igyeongsug,192.168.183.186,151.82.51.106,진보적인 클라이언트-서버 엑스트라넷,Tan
권현정,경상남도 남양주시 도산대가 (상현김김동),41378,유한회사 우,일반 의사,041-075-6817,gseo@example.com,ubag,10.16.111.75,14.39.161.236,무결점의 클라이언트 단 벤치마크,DarkSlateBlue
김지아,전라남도 공주시 삼성67거리,70141,주식회사 이,제분 및 도정 관련 기계 조작원,032-089-4568,jeongsug72@example.com,siu05,192.168.53.155,207.125.47.207,재정렬 정적 공개 시스템,Silver
김정훈,대전광역시 관악구 서초대0로 (은주박읍),33673,최손,장기 부사관 및 준위,053-622-3490,baejunseo@example.org,seongjin30,172.25.35.20,128.91.39.24,융합된 5세대 프로토콜,RoyalBlue
이정호,울산광역시 남구 봉은사로 (영미한이면),75099,김조,기획 및 마케팅 사무원,032-394-7680,yeeun70@example.com,sunjajin,192.168.229.183,211.140.64.97,융합된 가치추가 배열,PaleGoldenRod
김수민,광주광역시 동대문구 오금2거리,68066,이박,임상 심리사 및 기타 치료사,062-837-1876,junhoju@example.org,iyunseo,10.95.96.73,145.84.137.207,올바른 사이즈의 환경 친화적 생산 능력,BurlyWood
서영자,서울특별시 서초구 오금2거리,61803,유한회사 박박최,소방공학 기술자 및 연구원,042-592-5153,jaehyeon89@example.org,seonyeong72,192.168.68.118,180.22.89.228,멀티 채널 방향 엔진,PaleGoldenRod
박민재,충청북도 고양시 일산서구 논현89거리,29793,유한회사 백,작가 및 관련 전문가,010-5221-1506,heoyeeun@example.net,hyun,172.28.42.117,83.184.96.71,숙련된 휴대형 우연성,DimGray
손예준,광주광역시 성동구 백제고분70길,65153,(주) 박,메이크업 아티스트 및 분장사,018-033-1070,ogja89@example.org,jhwang,192.168.119.236,154.55.34.56,더 커진 비대칭 접근,LightSkyBlue
김성훈,서울특별시 성북구 봉은사가,54642,류박김,자동차 부분품 조립원,070-7347-4070,yeongmibag@example.net,jiyeon37,10.166.242.46,142.150.185.219,가상 물류 접근,DarkOrange
이동현,전라남도 아산시 양재천로,92780,유한회사 이이이,성직자,051-855-2026,gimeunseo@example.net,jihunryu,10.195.165.12,74.67.189.39,다중 주파수 휴대형 계층,CornflowerBlue
김정숙,충청남도 청양군 역삼거리,45695,(유) 이,제빵원 및 제과원,041-366-1410,juweongim@example.com,igyeongja,192.168.68.144,87.227.143.76,함수 기반의 백그라운드 하드웨어,RosyBrown
